idx,  act, range, tcyc, nspots, fmax
  0, 1.97, 21.48, 25.3,    178, 5.25e-03
  1, 1.03, 26.13, 30.9,   1226, 5.79e-03
  2, 1.14, 14.54, 24.8,    115, 3.53e-03
  3, 6.20, 31.76,  9.3,   2847, 5.28e-03
  4, 2.51, 13.80,  1.0,   2025, 5.98e-02
  5, 2.68,  5.94, 12.2,   1016, 1.98e-02
  6, 2.72, 72.35, 24.5,    284, 5.89e-03
  7, 0.28,  9.54, 26.5,    102, 7.96e-04
  8, 0.22, 43.51, 18.6,    255, 1.99e-03
  9, 0.82, 16.95,  3.2,    489, 1.01e-02
 10, 7.20, 47.75,  1.3,   5032, 4.41e-02
 11, 0.10, 15.04, 23.3,     10, 3.85e-04
 12, 0.15, 63.22, 24.0,     20, 2.88e-04
 13, 5.02, 13.25,  3.7,   3684, 8.00e-02
 14, 0.94, 14.74,  2.3,    704, 2.52e-03
 15, 5.67, 71.36,  2.3,   4073, 4.89e-02
 16, 0.41, 54.77,  2.1,    310, 2.15e-03
 17, 0.60, 30.35,  2.5,    442, 3.60e-03
 18, 1.46, 48.77,  1.1,   1055, 1.84e-02
 19, 0.17, 10.93,  1.1,    190, 4.88e-04
 20, 3.43, 41.38, 23.9,    375, 3.46e-03
 21, 0.42, 16.89, 31.7,     34, 7.06e-04
 22, 1.96, 32.53, 10.1,    817, 4.77e-03
 23, 0.12, 71.40, 13.2,     39, 2.40e-04
 24, 0.22, 71.89, 17.7,     33, 3.49e-04
 25, 0.73, 13.71, 11.1,    269, 6.54e-03
 26, 0.29,  8.56, 10.6,    148, 7.06e-04
 27, 8.56, 67.48,  1.9,   6751, 6.10e-02
 28, 6.45, 59.82,  1.7,   4224, 5.00e-02
 29, 5.39, 45.14, 13.5,   1613, 4.37e-02
 30, 0.12, 37.69, 37.8,      3, 5.55e-05
 31, 3.97, 55.04,  1.1,   3891, 4.55e-02
 32, 6.49, 16.66, 24.0,    675, 4.49e-03
 33, 2.56, 49.96, 12.7,   1020, 2.44e-02
 34, 0.29, 59.17, 16.2,     67, 3.05e-03
 35, 0.67, 13.31, 17.9,    108, 1.24e-03
 36, 9.06, 55.46,  2.5,   6937, 8.62e-03
 37, 0.46, 37.03,  2.0,    380, 2.39e-03
 38, 1.55,  6.55,  7.3,    900, 1.32e-03
 39, 1.18, 29.04,  6.8,    801, 1.71e-02
 40, 0.84, 16.73,  3.2,    803, 6.82e-03
 41, 0.28, 46.91, 34.5,    114, 3.16e-03
 42, 6.94,  9.71, 30.9,    439, 4.53e-03
 43, 1.67, 41.82,  6.1,   1244, 3.39e-02
 44, 0.28, 12.79,  6.1,    210, 2.96e-03
 45, 0.12, 80.74,  1.3,    103, 9.03e-04
 46, 1.25, 36.72,  3.9,    833, 6.48e-03
 47, 0.15, 32.15,  1.4,    175, 2.29e-03
 48, 4.33, 29.03, 35.5,    254, 2.99e-03
 49, 2.33, 20.98, 25.1,    216, 7.52e-03
 50, 7.44, 64.42,  6.1,   5467, 2.44e-02
 51, 0.15,  7.20, 16.3,     24, 6.61e-04
 52, 0.11, 77.33,  3.0,     62, 1.08e-03
 53, 0.27, 23.40, 14.8,     75, 2.21e-03
 54, 0.59, 54.67,  1.5,    671, 1.27e-02
 55, 2.99, 45.72,  2.2,   2198, 1.93e-02
 56, 0.32, 56.74,  2.1,    320, 4.89e-03
 57, 0.32,  9.15, 14.2,     84, 2.19e-03
 58, 0.30, 53.96,  1.0,    250, 2.01e-03
 59, 0.16, 45.73,  2.9,    119, 4.65e-03
 60, 0.23, 31.28, 25.1,     19, 4.22e-04
 61, 6.11, 37.62,  2.0,   6663, 2.01e-02
 62, 0.13, 60.99, 19.1,     18, 6.58e-04
 63, 0.21, 62.41, 27.8,     19, 1.07e-03
 64, 0.12, 27.87,  1.0,    107, 9.35e-04
 65, 2.52, 40.75,  2.8,   1777, 4.34e-02
 66, 9.85, 45.27,  4.8,   7631, 3.20e-02
 67, 0.17, 12.70, 11.4,     81, 2.70e-03
 68, 2.81, 16.99,  8.2,   1599, 2.11e-02
 69, 0.47, 18.07,  2.3,    506, 7.60e-03
 70, 0.23, 48.68,  1.4,    212, 2.39e-03
 71, 7.65, 36.44, 14.1,   2422, 4.56e-02
 72, 8.95, 26.47,  1.7,   6880, 5.72e-02
 73, 3.38, 38.60,  1.3,   3878, 4.44e-02
 74, 0.64, 12.42,  1.7,    435, 7.64e-03
 75, 0.69, 43.09, 27.2,    266, 7.00e-03
 76, 1.95, 17.18, 13.8,    529, 1.34e-03
 77, 0.12, 71.92,  8.7,    157, 4.63e-03
 78, 0.19, 11.06, 30.6,     12, 3.43e-04
 79, 1.86, 32.96,  2.8,   1773, 2.24e-03
 80, 7.26, 29.51, 26.0,    676, 4.04e-03
 81, 7.96, 49.98,  9.1,   4274, 1.20e-01
 82, 1.34, 53.46,  1.3,    917, 1.26e-02
 83, 0.27, 26.51,  9.3,    306, 2.88e-03
 84, 1.21, 17.02,  3.1,   1277, 7.49e-03
 85, 0.22, 44.32,  1.7,    158, 8.17e-04
 86, 0.20, 49.19,  2.0,    138, 1.47e-03
 87, 2.84, 36.22, 12.5,    938, 5.72e-03
 88, 0.26, 54.01,  3.9,    268, 5.12e-03
 89, 0.11, 55.08, 15.2,     20, 7.17e-04
 90, 1.79, 22.96, 37.8,     81, 1.19e-03
 91, 7.98, 49.31,  3.7,   6747, 2.45e-03
 92, 6.13, 49.11,  1.2,   5523, 2.47e-02
 93, 0.55, 12.40,  1.5,    378, 7.33e-03
 94, 7.20, 15.71,  1.3,   5376, 7.80e-02
 95, 1.07, 51.40,  1.4,    939, 7.58e-03
 96, 7.72, 21.70,  7.3,   5202, 1.69e-02
 97, 1.38, 42.68, 12.7,    619, 8.75e-03
 98, 0.11, 55.78, 15.8,     67, 5.15e-04
 99, 0.47, 48.69, 13.4,    168, 1.22e-03
100, 0.17, 13.48,  5.4,    114, 6.81e-04
101, 0.48, 14.38,  1.1,    376, 2.11e-03
102, 0.53, 58.01,  8.6,    302, 8.32e-03
103, 2.04, 26.79, 19.7,    342, 2.27e-03
104, 7.45, 32.45, 29.4,    554, 2.59e-03
105, 0.25, 30.88,  1.4,    166, 1.02e-03
106, 1.77, 28.32,  1.3,   1917, 4.38e-03
107, 0.21, 63.83, 14.0,    235, 2.60e-03
108, 0.15, 13.06, 11.0,    114, 5.23e-04
109, 2.43, 25.94,  1.9,   1531, 6.99e-03
110, 0.35,  7.65,  7.8,    225, 4.07e-03
111, 0.65, 39.98,  5.5,    547, 5.21e-03
112, 9.87,  6.90,  9.7,   4215, 3.70e-02
113, 1.02, 60.39,  9.9,    740, 1.86e-03
114, 7.52, 28.64,  8.4,   8442, 9.54e-03
115, 0.52, 78.57, 13.1,    149, 1.51e-03
116, 0.39, 56.36, 12.6,    158, 1.80e-03
117, 0.17, 13.34,  2.7,    194, 1.17e-03
118, 0.80, 69.65,  1.1,    779, 8.89e-03
119, 9.03, 53.33,  1.5,   6380, 4.12e-02
120, 0.86, 69.04, 33.8,    276, 2.13e-03
121, 0.12, 43.10,  8.9,     83, 2.19e-03
122, 2.05, 77.68,  1.8,   1309, 3.87e-02
123, 0.11, 13.41, 17.5,     20, 5.69e-04
124, 0.40, 56.79,  1.3,    285, 3.90e-03
125, 9.04, 26.64, 17.4,   1684, 1.94e-03
126, 0.14, 39.27,  9.9,     77, 1.92e-03
127, 0.49, 77.12, 16.9,     94, 1.93e-03
128, 0.10, 45.99, 19.0,     17, 2.07e-04
129, 2.37, 31.45,  1.4,   1698, 1.48e-02
130, 0.12, 45.67,  2.1,     84, 9.67e-04
131, 0.36, 64.92, 16.3,    445, 3.31e-03
132, 0.11, 52.10,  9.3,     63, 1.72e-03
133, 0.15, 27.36, 35.4,     16, 5.17e-04
134, 8.23, 51.81,  2.4,   8359, 4.94e-02
135, 5.97, 30.49, 33.1,    327, 2.44e-03
136, 2.06, 58.40,  1.5,   1496, 2.21e-02
137, 9.11, 21.70,  6.3,   6447, 2.99e-02
138, 0.83,  9.44,  2.2,    878, 9.34e-04
139, 0.14, 36.68,  1.2,    157, 2.58e-03
140, 4.07, 11.85,  6.5,   2812, 6.41e-02
141, 1.88, 25.22,  3.2,   1562, 6.46e-04
142, 2.56, 37.92,  7.7,   1537, 2.71e-02
143, 8.88, 67.12, 17.7,   1560, 3.72e-02
144, 2.04, 13.27,  2.1,   1567, 1.73e-03
145, 2.29, 34.18,  5.5,   1749, 4.01e-02
146, 0.47, 51.31,  7.9,    408, 1.79e-03
147, 3.92, 37.75, 11.3,   1584, 4.55e-02
148, 0.41, 22.30, 34.3,     20, 3.29e-04
149, 0.10, 57.71, 11.3,     47, 5.50e-04
150, 8.74, 37.44,  1.1,   8587, 2.02e-02
151, 0.35, 32.02,  7.0,    232, 2.97e-03
152, 5.44, 36.48,  3.9,   4436, 1.94e-02
153, 0.94, 22.33, 28.2,    363, 3.13e-03
154, 6.88, 45.64, 12.3,   2500, 1.63e-02
155, 1.64, 17.15,  2.4,   1620, 8.42e-03
156, 7.47, 30.03,  9.2,   3920, 9.96e-02
157, 0.60, 52.13, 15.9,    653, 4.11e-03
158, 9.05, 17.51, 29.9,    989, 1.19e-03
159, 4.65, 48.37, 38.1,   2544, 7.52e-02
160, 7.69, 28.98, 16.8,   1646, 3.38e-02
161, 7.90, 61.79,  1.1,   5816, 5.49e-02
162, 2.27, 51.28,  2.4,   2666, 5.75e-02
163, 0.54, 16.29,  1.4,    448, 5.56e-04
164, 0.45, 26.20, 13.3,    123, 2.61e-03
165, 0.21, 28.22, 19.1,     21, 7.72e-04
166, 0.19, 36.59, 33.2,    119, 5.90e-04
167, 0.10, 74.16,  6.9,     64, 1.16e-03
168, 0.16, 82.02,  4.7,    105, 2.11e-03
169, 1.07, 70.49, 19.5,    185, 1.62e-03
170, 8.68, 67.92,  1.9,   8858, 8.34e-02
171, 0.75, 14.63, 13.6,    214, 1.50e-03
172, 0.64, 25.46,  2.4,    472, 5.35e-03
173, 1.29,  9.60,  2.1,   1218, 4.31e-03
174, 0.79, 42.51,  1.7,    786, 5.56e-03
175, 1.62, 46.21,  5.9,   1250, 5.21e-03
176, 0.92, 70.94, 13.4,    265, 4.39e-03
177, 0.22, 24.88, 10.5,    115, 1.96e-03
178, 0.27, 57.50, 26.0,     17, 4.19e-04
179, 2.82, 71.10,  3.4,   1742, 3.95e-02
180, 0.11,  8.35, 30.9,      5, 5.60e-05
181, 1.79, 23.77,  6.7,   1194, 2.84e-02
182, 0.55, 49.54, 29.0,    697, 1.04e-02
183, 1.75, 64.52,  7.1,   1194, 6.17e-03
184, 0.58,  5.03,  8.7,    328, 1.60e-03
185, 1.00, 65.85,  2.9,    963, 1.25e-02
186, 2.16, 15.13,  8.2,   1246, 1.15e-02
187, 3.41,  9.96,  9.6,   1662, 5.26e-02
188, 0.34, 39.19,  1.8,    318, 6.08e-03
189, 3.43, 33.30,  5.5,   2668, 1.66e-02
190, 0.65,  9.55,  1.7,    371, 7.45e-03
191, 0.14,  8.24, 17.5,    133, 7.80e-04
192, 0.24, 42.76,  1.0,    213, 1.84e-03
193, 0.85, 23.03,  2.8,    602, 7.00e-04
194, 3.11, 41.02,  2.4,   3936, 6.09e-03
195, 1.15, 44.77, 17.3,    235, 1.03e-03
196, 0.27, 12.28, 36.3,     14, 6.14e-04
197, 0.48, 55.29,  2.3,    322, 2.21e-03
198, 0.98, 27.09, 24.9,    262, 1.55e-03
199, 1.86, 25.48,  1.5,   1739, 1.86e-02
200, 0.32, 13.50, 18.9,     57, 6.84e-04
201, 0.37, 31.02, 29.8,     18, 8.94e-04
202, 2.46, 13.46, 25.2,    218, 3.64e-03
203, 3.14, 43.85,  6.3,   2428, 2.50e-02
204, 0.12, 12.55,  2.2,    140, 6.14e-04
205, 0.97,  7.61, 30.4,     59, 3.84e-04
206, 0.27, 23.34, 14.4,     65, 6.40e-04
207, 0.73, 45.40,  1.7,    442, 1.23e-02
208, 0.17, 58.02,  2.1,    139, 1.30e-03
209, 0.70, 35.45,  2.4,    693, 1.13e-02
210, 2.03, 63.94, 12.3,    723, 4.80e-03
211, 0.31, 11.49, 28.6,    157, 1.48e-03
212, 2.75, 68.89,  2.5,   2178, 2.99e-02
213, 0.48,  8.15,  7.4,    531, 1.75e-03
214, 0.93, 30.49,  1.9,    700, 3.31e-03
215, 0.65, 17.63,  2.5,    813, 1.34e-02
216, 0.87, 11.71,  1.4,    720, 6.13e-03
217, 7.94, 19.82, 34.6,    455, 7.70e-03
218, 1.36, 33.81,  1.0,   1464, 3.40e-03
219, 0.15, 56.20, 12.2,     57, 1.21e-03
220, 4.39, 25.50,  1.8,   3059, 3.91e-02
221, 0.15,  5.28, 22.7,     31, 3.15e-04
222, 7.18, 62.80, 35.8,    321, 1.31e-02
223, 0.12, 12.31,  2.5,     72, 4.24e-04
224, 0.21, 50.15, 21.2,     32, 2.09e-03
225, 5.91, 22.38,  1.6,   4639, 9.58e-03
226, 0.21,  9.14, 13.0,     69, 1.02e-03
227, 3.83, 39.33, 39.5,   1874, 5.44e-03
228, 0.86, 78.98,  5.0,    673, 3.46e-03
229, 1.13, 31.96, 10.2,    502, 6.28e-04
230, 1.19, 41.71, 18.7,   1397, 3.05e-03
231, 0.54, 16.23, 12.7,    170, 8.44e-04
232, 0.16, 23.67, 36.1,     29, 6.35e-04
233, 0.23, 42.62, 19.5,     28, 7.03e-04
234, 2.98, 60.17,  1.7,   1913, 3.71e-02
235, 2.47, 22.98, 10.2,   1206, 4.36e-03
236, 2.82, 77.72,  4.1,   3362, 3.10e-02
237, 5.37,  8.58,  7.8,   3459, 4.61e-03
238, 3.43, 31.07,  8.4,   2475, 1.07e-02
239, 6.68, 13.43, 15.4,   2164, 4.56e-03
240, 0.21, 11.14, 26.9,    185, 2.25e-03
241, 9.25, 21.30,  3.3,   6779, 8.10e-03
242, 1.37,  5.58,  4.5,   1016, 1.20e-02
243, 6.25, 61.15,  1.3,   4877, 1.42e-01
244, 0.13, 16.70,  6.6,     91, 2.38e-03
245, 4.26, 68.90, 30.8,    279, 1.04e-02
246, 1.57,  5.80, 11.4,   1410, 2.65e-02
247, 0.51,  7.73,  3.7,    302, 2.88e-03
248, 0.31, 45.87,  4.9,    325, 3.33e-03
249, 0.11, 21.54,  9.0,     66, 1.18e-03
250, 6.99, 22.86,  3.2,   5200, 7.86e-02
251, 0.31, 15.73,  8.4,    159, 2.60e-03
252, 7.77, 53.50, 26.8,    604, 1.02e-02
253, 5.50, 17.74, 35.5,   4186, 2.48e-03
254, 2.32, 18.26,  3.6,   2802, 2.81e-03
255, 6.80, 56.38,  1.1,   5243, 5.89e-02
256, 0.19, 43.20,  8.6,     93, 2.14e-03
257, 0.14, 23.85,  4.1,     91, 2.57e-03
258, 0.12, 64.32,  2.1,     81, 1.27e-03
259, 0.35, 54.95,  2.2,    267, 1.03e-03
260, 0.11,  6.72, 23.6,      9, 3.40e-04
261, 5.04, 41.15, 15.4,   1364, 9.56e-03
262, 1.24, 16.64, 18.1,    259, 1.59e-03
263, 0.14, 53.77, 18.1,     35, 1.49e-03
264, 0.48, 59.18, 30.0,     34, 9.39e-04
265, 4.72, 28.04,  4.2,   5113, 7.62e-02
266, 8.15, 33.40,  3.9,   5518, 1.15e-02
267, 4.90, 24.95, 17.2,    838, 1.50e-02
268, 6.93, 36.84,  3.6,   5774, 6.50e-03
269, 2.67, 12.62,  7.2,   1763, 4.30e-02
270, 0.25, 54.08, 18.7,     50, 9.52e-04
271, 0.99, 47.12,  4.9,    767, 2.37e-03
272, 0.15, 23.91,  1.2,    101, 1.42e-03
273, 2.32, 26.23, 29.5,    179, 4.72e-03
274, 0.12,  7.61, 26.5,     18, 2.49e-04
275, 0.64, 24.69,  1.7,    403, 5.22e-03
276, 0.15, 31.39,  5.7,    133, 7.75e-04
277, 4.51, 30.31,  8.6,   2599, 3.52e-03
278, 1.02, 36.77, 36.8,     37, 4.27e-04
279, 5.59, 29.90, 38.2,    314, 3.74e-03
280, 1.97, 42.08,  6.1,   1462, 4.27e-02
281, 0.12, 41.17, 38.2,      3, 9.42e-05
282, 0.16, 66.35, 16.9,     27, 1.10e-03
283, 0.76, 49.73,  1.1,    600, 1.43e-02
284, 0.80, 56.30, 18.7,    877, 1.13e-02
285, 1.16,  8.15, 27.7,    109, 2.03e-03
286, 9.40, 53.65,  1.8,   6908, 8.36e-02
287, 4.97, 13.70,  2.3,   3565, 4.00e-02
288, 4.50, 46.69, 10.6,   4839, 1.98e-02
289, 3.39, 71.70,  5.6,   2635, 7.58e-02
290, 0.14, 27.59, 31.9,     12, 3.40e-04
291, 0.14, 17.41,  9.3,     80, 1.77e-03
292, 9.89, 21.76, 24.2,   1020, 3.91e-03
293, 5.76,  9.76,  2.6,   4172, 8.26e-02
294, 1.13,  7.24,  2.9,   1053, 2.51e-03
295, 0.11, 23.80, 24.9,     11, 4.99e-04
296, 6.61, 23.65,  6.5,   4509, 7.30e-03
297, 0.29, 29.55,  4.9,    228, 3.38e-03
298, 0.31, 43.48, 30.3,     20, 2.74e-04
299, 6.69, 58.73, 15.3,   1592, 9.17e-03
300, 6.64,  8.77, 26.3,   1032, 1.95e-03
301, 0.12, 45.29,  1.4,    139, 4.71e-04
302, 1.93, 36.01,  1.9,   2075, 2.50e-02
303, 1.41, 30.68,  2.3,   1004, 2.45e-03
304, 1.00, 70.99,  4.6,    952, 5.69e-04
305, 4.40, 32.72,  1.9,   4190, 5.75e-02
306, 0.95, 38.59,  2.4,    877, 2.43e-03
307, 0.75, 39.63, 31.5,     58, 1.95e-03
308, 9.48,  8.04,  1.1,   7673, 7.66e-02
309, 0.16, 36.22, 14.8,     41, 8.59e-04
310, 9.39, 11.10,  1.4,   7000, 2.96e-02
311, 0.21, 20.86,  5.7,    159, 3.54e-03
312, 2.11, 38.60,  6.1,   1666, 1.11e-02
313, 0.20, 38.35, 12.3,    142, 9.13e-04
314, 0.66, 34.33,  1.1,    458, 3.16e-03
315, 1.65, 54.88, 25.3,    146, 3.69e-03
316, 0.54, 47.68,  1.2,    512, 9.79e-04
317, 0.27, 35.98, 19.7,     99, 2.14e-03
318, 8.54, 82.75, 40.0,    357, 7.66e-03
319, 4.30,  8.15, 26.1,   5329, 5.05e-02
320, 0.36,  7.80,  2.4,    258, 2.26e-03
321, 0.11, 32.97,  3.9,     87, 9.00e-04
322, 0.26, 20.30,  4.8,    206, 5.59e-03
323, 0.14, 38.93,  1.7,    111, 1.41e-03
324, 3.89, 33.86, 11.7,   1460, 9.45e-03
325, 8.98, 19.92,  2.8,   5588, 6.67e-02
326, 0.88, 61.97,  7.3,    599, 1.07e-02
327, 0.78, 14.29,  1.9,    512, 3.30e-03
328, 1.56, 36.37,  6.7,   1046, 1.45e-02
329, 1.92, 34.09,  1.7,   1390, 5.26e-03
330, 4.51, 58.89,  2.5,   3132, 1.78e-02
331, 0.35, 25.26,  4.9,    246, 6.49e-03
332, 0.17, 34.56,  1.1,    146, 1.14e-03
333, 2.31, 24.13,  4.9,   1885, 1.15e-02
334, 0.84, 15.77, 24.5,     82, 6.63e-04
335, 0.19, 24.45, 11.0,     80, 1.52e-03
336, 4.86, 22.86,  6.2,   3596, 8.41e-03
337, 4.75,  5.19,  1.6,   3792, 6.07e-02
338, 3.60, 70.93, 24.3,   1298, 1.32e-02
339, 0.92, 36.67,  3.9,    871, 2.27e-02
340, 0.14, 17.29,  7.3,     83, 2.44e-03
341, 0.13, 52.97,  1.4,    139, 1.32e-03
342, 8.03, 52.07, 27.3,    933, 4.39e-03
343, 5.99, 48.71, 29.5,   1486, 6.05e-03
344, 1.83, 57.78,  1.5,   1365, 9.63e-03
345, 0.78, 45.42,  1.9,    549, 5.46e-03
346, 0.16, 48.02,  3.8,    112, 9.03e-04
347, 0.60, 37.45,  8.3,    361, 5.89e-03
348, 9.52, 17.93,  9.7,   4414, 5.86e-02
349, 1.97, 27.40, 23.0,    356, 2.06e-03
350, 8.72,  8.72, 14.7,   4136, 1.99e-03
351, 1.92, 11.87, 11.6,    672, 3.84e-03
352, 0.13, 12.98,  8.1,     68, 7.42e-04
353, 0.61, 54.25, 37.8,     19, 1.12e-03
354, 0.85, 67.05,  1.1,    783, 1.16e-02
355, 8.01, 53.18,  4.0,   6457, 8.25e-02
356, 2.85, 53.41, 11.3,   1125, 1.73e-02
357, 0.25, 43.55, 22.0,     38, 6.39e-04
358, 0.10, 55.29, 10.2,     57, 5.97e-04
359, 3.35, 29.33, 16.8,    735, 4.75e-03
360, 0.22, 54.70,  8.8,    122, 2.98e-03
361, 2.86, 28.27,  1.4,   2500, 1.61e-02
362, 3.74, 42.77, 24.0,    351, 3.92e-03
363, 8.44, 43.11, 34.5,    445, 1.58e-02
364, 8.92, 37.08,  4.5,   7571, 4.49e-03
365, 1.41, 18.30,  6.8,   1445, 5.50e-03
366, 0.14, 23.35,  6.7,    105, 1.23e-03
367, 3.09, 19.57, 28.0,   1701, 1.14e-02
368, 1.85, 16.91, 11.5,    630, 1.34e-02
369, 0.20, 34.75,  2.3,    167, 6.04e-04
370, 7.73, 14.03, 13.1,   2316, 2.88e-02
371, 0.17, 46.92,  2.1,    138, 1.02e-03
372, 1.64, 16.94,  5.9,   1182, 1.29e-02
373, 0.90, 30.51,  1.5,    886, 1.98e-03
374, 0.10, 48.17,  8.8,     46, 6.23e-04
375, 1.37, 33.52, 27.9,     96, 2.21e-03
376, 0.11, 27.57, 20.0,     35, 1.05e-03
377, 0.15, 45.56, 36.7,    168, 1.17e-03
378, 1.28, 35.80,  8.6,    689, 3.44e-03
379, 1.16, 30.77, 21.0,    138, 9.06e-04
380, 2.40, 64.13, 17.9,    436, 1.68e-03
381, 4.69, 64.60,  4.9,   5344, 3.93e-03
382, 4.61, 39.60,  8.8,   2586, 2.61e-02
383, 0.54,  8.64, 11.5,    196, 8.83e-04
384, 0.50, 13.80, 15.8,    297, 3.55e-03
385, 4.16, 40.00,  2.0,   2873, 9.13e-02
386, 3.37, 34.60, 10.1,   1638, 1.53e-02
387, 0.63, 28.24, 16.0,    122, 9.67e-04
388, 2.97, 48.23, 11.8,   1006, 1.22e-02
389, 4.64, 45.36,  1.0,   3438, 2.17e-02
390, 1.74, 51.48,  5.9,   1545, 2.62e-03
391, 1.57, 12.21,  7.0,    980, 1.78e-02
392, 0.34, 76.48,  9.5,    181, 8.28e-04
393, 4.25, 25.95,  6.2,   3051, 2.49e-02
394, 2.99, 18.45,  7.3,   3397, 4.08e-03
395, 0.85,  9.83, 29.9,     89, 7.72e-04
396, 1.59, 39.29,  7.5,   1065, 4.76e-03
397, 0.11, 44.71,  4.6,    146, 1.98e-03
398, 5.87, 53.59, 10.2,   2628, 3.20e-02
399, 0.17, 17.01,  3.9,    117, 2.82e-03
400, 7.61, 11.06, 20.7,   7328, 4.84e-02
401, 0.11,  8.40,  1.6,     97, 1.99e-03
402, 2.73,  7.61,  3.7,   1833, 3.69e-02
403, 3.50, 19.49,  1.4,   2565, 1.01e-02
404, 0.60, 29.11, 12.5,    225, 6.29e-03
405, 0.82, 48.01, 26.3,    515, 3.17e-03
406, 1.14, 23.07, 30.3,    262, 9.53e-04
407, 0.86, 40.01, 34.2,     37, 7.84e-04
408, 0.20,  5.32, 19.9,     27, 1.58e-04
409, 4.60,  6.22, 19.1,   5738, 2.00e-02
410, 5.83, 37.20,  6.7,   4185, 1.25e-02
411, 7.33, 50.01,  2.0,   6905, 6.07e-02
412, 4.45, 54.85,  6.5,   3354, 1.13e-03
413, 7.42, 45.96, 36.3,    346, 7.58e-03
414, 1.26,  8.58,  6.4,    899, 1.53e-02
415, 2.44, 19.03,  1.6,   2675, 3.43e-02
416, 1.16, 20.93, 18.8,    383, 1.13e-02
417, 0.15, 36.85, 13.8,     45, 1.91e-03
418, 0.32, 41.19,  3.3,    353, 2.27e-03
419, 0.47, 20.37, 26.5,     50, 1.37e-03
420, 2.11, 33.55,  2.6,   1400, 1.88e-02
421, 3.91, 24.11, 38.1,    156, 2.63e-03
422, 6.62, 52.78, 20.0,   1242, 1.69e-02
423, 1.69, 23.30,  1.2,   1861, 1.07e-02
424, 1.06, 28.49, 18.6,    878, 1.68e-02
425, 5.55, 27.17, 11.8,   1913, 2.18e-02
426, 8.61, 33.07, 12.9,   2512, 4.20e-02
427, 5.51, 34.68,  1.8,   4769, 5.18e-02
428, 0.55, 33.52,  2.4,    379, 1.70e-03
429, 1.08, 29.43,  3.3,   1303, 3.92e-03
430, 0.24, 74.59,  3.7,    158, 2.26e-03
431, 0.60, 41.11,  3.8,    418, 3.16e-03
432, 2.57,  7.76,  1.8,   1626, 1.31e-02
433, 3.58, 59.51,  5.1,   3638, 1.83e-02
434, 0.38, 44.94, 19.5,     72, 8.76e-04
435, 0.11, 40.82,  2.0,    115, 4.93e-04
436, 0.46, 56.75,  1.6,    508, 1.52e-03
437, 0.37, 32.05,  3.1,    402, 4.24e-03
438, 0.14, 39.35, 29.9,      7, 0.00e+00
439, 0.20, 53.08,  3.5,    178, 1.09e-03
440, 0.60, 31.64, 27.0,     46, 7.44e-04
441, 0.58, 53.24,  3.9,    447, 2.01e-03
442, 3.85, 56.37, 19.6,    612, 2.95e-03
443, 0.50, 27.29,  5.1,    374, 8.12e-03
444, 0.47, 40.15,  5.7,    360, 2.64e-03
445, 0.31, 50.29,  9.1,    145, 1.20e-03
446, 0.52, 48.07,  1.2,    407, 1.36e-03
447, 2.04, 46.28,  2.4,   1595, 1.44e-02
448, 0.71, 32.42,  2.4,    655, 5.34e-03
449, 0.46, 18.94,  4.4,    342, 4.57e-03
450, 0.14, 29.23,  7.6,     77, 8.22e-04
451, 0.12, 23.92,  5.1,     82, 7.88e-04
452, 0.85, 48.39, 15.4,    998, 7.52e-03
453, 0.43, 49.99,  3.4,    304, 1.42e-03
454, 0.11, 17.11,  7.3,    124, 4.61e-04
455, 4.47, 53.89,  7.8,   3305, 3.98e-02
456, 1.58, 46.43, 19.3,    433, 3.10e-03
457, 2.13, 36.25,  3.3,   1445, 2.22e-02
458, 0.57, 18.65,  2.7,    370, 1.51e-03
459, 1.58, 20.12,  2.8,   1723, 7.27e-03
460, 0.77, 18.65, 37.3,     37, 1.42e-03
461, 0.67, 26.14, 38.2,     31, 6.74e-04
462, 0.54, 13.45, 13.7,    142, 1.48e-03
463, 0.28, 69.90,  7.3,    203, 1.42e-03
464, 0.74, 41.81,  9.6,    618, 3.17e-03
465, 4.79, 18.41, 36.3,    867, 9.76e-04
466, 0.27, 34.86, 18.0,     98, 6.52e-04
467, 7.23, 37.83,  7.0,   7745, 3.63e-02
468, 7.52, 67.21, 10.8,   2962, 5.48e-02
469, 0.46, 30.96,  1.9,    289, 6.00e-03
470, 6.22, 29.30, 10.0,   6321, 4.09e-02
471, 4.06, 32.96, 27.5,    339, 6.75e-03
472, 0.50, 55.85, 39.1,     77, 6.61e-04
473, 2.31, 27.47,  2.0,   2678, 1.19e-02
474, 1.16, 42.69,  4.1,    764, 6.17e-03
475, 0.23, 19.11,  6.8,    173, 1.16e-03
476, 0.22, 19.92,  2.3,    164, 2.18e-03
477, 1.03, 42.66, 20.3,    151, 1.50e-03
478, 0.37, 19.95,  3.5,    455, 8.14e-03
479, 7.11, 25.54, 11.0,   2730, 1.65e-02
480, 0.22, 14.82,  2.8,    266, 3.08e-03
481, 0.24, 48.07, 15.3,     55, 9.65e-04
482, 4.14, 12.63,  6.8,   2968, 1.44e-02
483, 8.56, 48.69, 31.9,   1601, 1.42e-02
484, 0.21, 13.91,  5.2,    155, 6.40e-04
485, 0.14, 45.89, 15.0,     24, 7.21e-04
486, 2.52, 60.67, 35.6,    136, 2.88e-03
487, 1.88, 46.16,  1.5,   1976, 1.65e-02
488, 1.39, 28.64, 14.4,    375, 7.54e-03
489, 4.13, 40.51,  1.2,   2914, 1.66e-02
490, 0.65,  5.67,  8.6,    342, 9.77e-04
491, 2.12, 51.42,  1.4,   1539, 1.67e-02
492, 4.31, 42.60, 21.7,   1908, 3.57e-02
493, 0.99, 10.91, 30.6,   1141, 1.82e-02
494, 0.15, 13.61,  1.2,    109, 6.13e-04
495, 0.13,  5.98, 16.7,     34, 1.03e-03
496, 0.13,  6.06,  5.3,    149, 1.79e-03
497, 6.63, 20.11, 12.0,   2407, 3.74e-02
498, 2.66, 36.98, 10.1,   1119, 1.74e-02
499, 1.84, 56.97,  3.0,   1076, 1.59e-02
500, 1.08, 44.33, 21.4,    137, 1.93e-03
501, 0.27, 35.43,  3.1,    153, 1.13e-03
502, 1.80, 28.75, 28.5,    120, 2.13e-03
503, 0.33, 34.09,  1.0,    313, 2.23e-03
504, 1.13, 58.42, 16.3,    220, 5.08e-03
505, 2.38, 46.61,  5.3,   2788, 1.86e-02
506, 8.15, 73.22,  2.5,   5464, 3.76e-02
507, 0.69,  6.79,  7.4,    736, 2.85e-03
508, 3.81, 30.76,  1.4,   3151, 1.59e-02
509, 0.58, 33.97, 39.6,     24, 2.74e-04
510, 0.35, 47.41,  7.1,    227, 1.92e-03
511, 0.34, 30.37, 13.7,    113, 2.20e-03
512, 1.78, 46.17, 26.1,   1568, 7.08e-03
513, 1.25,  9.28, 15.3,    271, 3.18e-03
514, 0.15,  5.39, 15.8,     31, 2.77e-04
515, 0.94, 46.80,  6.0,    719, 1.65e-02
516, 5.80, 66.75,  2.9,   3529, 2.28e-02
517, 4.64, 49.82, 31.8,    355, 4.02e-03
518, 0.87, 61.08,  8.3,    919, 6.91e-03
519, 0.19, 39.13,  1.4,    201, 2.33e-03
520, 1.14, 34.55,  4.0,   1245, 8.11e-03
521, 2.75, 67.94, 36.4,    117, 2.88e-03
522, 3.17,  6.15, 19.1,    477, 8.15e-03
523, 0.67, 60.21,  2.3,    771, 5.93e-03
524, 5.99,  8.73,  1.1,   4768, 4.47e-02
525, 6.03, 66.91,  1.7,   3912, 1.57e-02
526, 0.75, 36.16,  6.4,    562, 1.15e-02
527, 0.10, 36.49, 21.4,     59, 6.65e-04
528, 0.27, 33.05,  6.7,    187, 7.81e-04
529, 0.17, 10.34,  5.8,    120, 4.68e-03
530, 8.17,  8.39,  2.9,   4990, 1.05e-01
531, 2.09, 33.65,  3.5,   1280, 1.68e-02
532, 2.19, 44.84, 12.9,    781, 9.02e-03
533, 5.58, 68.17,  9.4,   2966, 4.68e-02
534, 0.50, 25.65,  3.0,    318, 5.12e-03
535, 0.35, 18.98,  1.7,    261, 1.10e-03
536, 0.19, 37.05,  2.0,    171, 6.00e-04
537, 3.58, 41.87,  3.6,   3066, 1.63e-02
538, 0.68, 36.16,  8.8,    371, 1.18e-02
539, 4.26, 44.74,  1.5,   3050, 2.91e-02
540, 6.26, 21.00,  1.7,   7563, 9.27e-02
541, 8.64, 18.79, 28.0,   1661, 1.54e-02
542, 0.19, 16.52,  5.3,    151, 2.09e-03
543, 5.28, 30.90,  1.3,   4067, 3.43e-02
544, 6.89, 21.75,  5.5,   5382, 1.28e-01
545, 9.75,  6.97, 15.4,   2747, 1.62e-02
546, 2.04, 47.61,  1.3,   1859, 1.32e-02
547, 1.97, 19.00, 30.2,   1681, 3.64e-03
548, 0.19, 57.01,  4.2,    214, 2.10e-03
549, 0.68, 11.99, 29.4,    295, 7.55e-04
550, 1.12, 28.08, 22.8,    124, 6.04e-04
551, 0.22, 45.99,  5.5,    184, 1.94e-03
552, 3.35, 58.01,  3.3,   2200, 1.44e-02
553, 0.12, 21.20,  5.0,    109, 6.20e-04
554, 0.27, 44.58,  2.8,    183, 4.91e-03
555, 2.80, 33.66,  1.2,   2894, 2.59e-02
556, 0.22, 12.20,  7.8,    146, 7.60e-04
557, 3.26, 42.94,  1.7,   2035, 1.34e-02
558, 8.65, 47.96, 14.3,   2269, 1.26e-02
559, 1.59, 68.34, 13.5,   1241, 2.24e-02
560, 2.23, 46.82,  3.6,   1335, 4.01e-03
561, 0.24, 25.19,  5.4,    174, 2.66e-03
562, 4.31, 65.10,  6.3,   3167, 6.07e-02
563, 3.79, 29.14,  4.7,   3267, 5.19e-02
564, 0.42, 46.06,  8.7,    254, 3.44e-03
565, 4.52, 64.03,  9.5,   2555, 3.53e-02
566, 2.48, 57.63,  1.1,   1859, 2.02e-02
567, 0.82, 14.23,  2.6,    986, 3.27e-03
568, 0.27, 17.43,  1.1,    188, 3.03e-04
569, 2.17, 34.38, 39.2,     89, 1.04e-03
570, 0.67, 19.09,  1.1,    581, 3.88e-03
571, 3.35, 22.90,  2.8,   4157, 5.13e-02
572, 0.10, 17.25,  8.6,     54, 9.29e-04
573, 4.73, 29.61,  5.3,   3666, 9.54e-03
574, 5.55, 51.15,  3.8,   3437, 4.75e-03
575, 1.36,  9.75,  1.0,   1642, 6.28e-03
576, 3.51, 36.60,  1.5,   3935, 4.33e-02
577, 0.51, 20.22, 25.9,     42, 6.73e-04
578, 0.66, 69.11,  9.5,    351, 1.01e-02
579, 1.95,  9.73, 19.5,    321, 1.81e-03
580, 0.16, 36.23, 30.2,      9, 2.53e-04
581, 1.54, 16.75,  6.4,   1141, 3.15e-02
582, 1.19, 30.60, 11.6,    819, 2.27e-03
583, 1.25, 10.61,  4.6,    906, 5.78e-03
584, 0.22, 36.52,  9.1,    111, 1.14e-03
585, 0.92, 16.92, 19.0,    157, 3.15e-03
586, 0.16, 42.05,  4.2,    131, 1.02e-03
587, 3.28, 26.46,  1.1,   2254, 7.02e-03
588, 4.00, 21.22,  4.6,   3569, 7.58e-03
589, 0.19, 73.07, 15.0,     43, 4.53e-04
590, 3.62, 67.10,  4.0,   3683, 2.18e-02
591, 2.13, 43.90,  1.9,   1995, 7.60e-03
592, 0.84, 35.26,  8.0,    499, 9.17e-03
593, 1.72, 19.85,  3.3,   2157, 1.07e-02
594, 3.03, 13.93,  2.0,   2230, 2.35e-02
595, 0.79, 34.04,  3.2,    438, 5.45e-03
596, 0.86, 33.51, 11.9,    969, 4.63e-03
597, 0.10, 12.91,  3.7,     64, 5.64e-04
598, 0.29, 15.82,  8.3,    172, 4.33e-03
599, 1.49, 13.24,  2.0,   1235, 8.18e-03
600, 3.92, 29.46,  3.6,   4800, 2.43e-02
601, 9.78, 48.99,  4.0,   8578, 1.05e-02
602, 4.43, 60.26,  4.4,   3136, 1.67e-02
603, 0.71, 30.67,  1.6,    871, 1.69e-03
604, 3.25, 40.48,  1.2,   3338, 1.83e-02
605, 0.59, 41.04,  1.3,    484, 3.33e-03
606, 4.75, 23.71,  1.7,   3074, 1.82e-02
607, 0.11, 33.26,  1.7,    113, 4.93e-04
608, 0.78, 37.08,  9.1,    391, 3.15e-03
609, 0.13, 20.50,  1.0,     82, 1.18e-03
610, 0.29, 44.88,  1.9,    222, 1.70e-03
611, 0.54, 25.22, 30.1,     32, 1.01e-03
612, 0.20, 18.65, 34.3,    196, 3.82e-03
613, 3.49, 71.15, 23.8,    383, 7.16e-03
614, 2.57, 46.95,  9.6,   1995, 6.76e-03
615, 1.12, 22.37,  2.0,   1054, 8.31e-03
616, 0.11, 24.62,  6.4,     76, 1.49e-03
617, 8.24, 15.94, 18.0,   1474, 6.72e-03
618, 0.21, 62.66,  2.0,    262, 2.15e-03
619, 0.30, 34.06, 19.2,     49, 5.39e-04
620, 0.36, 65.44,  6.3,    453, 9.99e-04
621, 5.73, 48.55,  5.4,   5691, 6.45e-02
622, 0.21, 68.82,  2.2,    141, 1.86e-03
623, 2.39, 47.24,  1.7,   1603, 8.32e-03
624, 2.17, 13.12,  1.5,   1447, 8.42e-03
625, 0.20, 38.47, 17.8,     25, 2.33e-04
626, 1.48, 29.92, 23.9,    185, 8.53e-04
627, 1.25, 60.02, 33.8,     58, 1.59e-03
628, 0.31, 12.71,  4.2,    248, 2.90e-03
629, 5.18,  8.97, 23.4,    600, 1.11e-02
630, 0.61, 29.39,  2.3,    630, 9.94e-03
631, 3.29, 48.13, 36.5,    377, 7.81e-04
632, 3.69, 61.25, 18.8,    589, 1.72e-03
633, 0.41, 42.01, 17.7,     69, 9.06e-04
634, 0.17, 73.01,  4.2,    195, 1.08e-03
635, 9.24, 53.79,  5.2,   7178, 1.77e-01
636, 0.57,  7.11, 10.4,    238, 5.11e-03
637, 1.57, 58.17,  5.9,   1341, 2.69e-02
638, 0.16, 34.66, 33.5,      7, 4.03e-04
639, 2.56, 12.49,  1.7,   1964, 2.66e-02
640, 0.30, 12.79,  2.7,    226, 1.87e-03
641, 0.10, 64.14, 22.1,     26, 6.41e-04
642, 0.26, 45.19, 10.9,     86, 5.19e-04
643, 2.69, 38.30,  1.2,   2737, 2.41e-02
644, 1.61, 57.72, 39.9,   1536, 1.39e-02
645, 2.39, 22.07, 21.3,    319, 2.14e-03
646, 3.36, 43.78, 15.3,   3010, 9.55e-03
647, 3.11, 43.86,  4.2,   2400, 1.03e-02
648, 0.55, 37.95,  4.5,    392, 9.43e-03
649, 0.38, 35.04,  1.3,    395, 1.11e-02
650, 0.22, 16.03,  2.0,    207, 2.76e-03
651, 0.13, 40.56, 32.8,      8, 2.84e-04
652, 7.17, 17.97,  2.2,   5845, 3.68e-02
653, 0.18, 46.64, 12.2,     63, 1.12e-03
654, 3.61, 26.09,  2.9,   2940, 5.65e-03
655, 0.20, 36.64, 29.4,     76, 5.99e-04
656, 0.27, 26.58, 28.4,     17, 2.62e-04
657, 1.01, 47.99,  3.6,    577, 6.26e-03
658, 1.98, 34.89,  3.0,   2432, 1.28e-02
659, 0.60, 21.94,  9.9,    266, 4.99e-03
660, 4.19, 23.40,  2.9,   3575, 2.27e-02
661, 3.72, 31.22,  2.4,   2995, 4.97e-02
662, 1.13, 18.33,  5.1,    904, 1.43e-02
663, 0.23, 24.75, 13.8,     73, 1.67e-03
664, 0.20,  9.17,  5.8,    232, 5.54e-03
665, 0.40, 12.25,  2.5,    242, 2.37e-03
666, 3.60, 26.88, 34.8,   2850, 2.79e-02
667, 4.31,  8.97, 39.2,    177, 4.77e-03
668, 0.51, 20.03, 12.2,    180, 5.93e-03
669, 0.13, 58.10,  4.4,     80, 1.48e-03
670, 4.96, 28.84,  5.6,   3753, 1.99e-02
671, 0.11, 22.66, 21.9,     57, 7.13e-04
672, 5.47, 27.49,  4.9,   4838, 6.54e-02
673, 0.38, 76.71,  1.1,    362, 3.48e-03
674, 0.70, 38.73, 12.0,    267, 3.63e-03
675, 1.38, 17.01,  4.2,   1421, 1.03e-02
676, 9.08,  9.25, 13.1,   2900, 2.94e-02
677, 3.92,  8.23,  1.3,   2813, 4.55e-02
678, 0.15, 33.33,  5.0,    105, 1.33e-03
679, 1.67, 12.99, 28.6,   1962, 3.15e-02
680, 0.10, 19.05, 18.7,     44, 5.92e-04
681, 0.24, 17.62, 14.9,     72, 7.03e-04
682, 0.60, 49.23, 30.0,     49, 8.13e-04
683, 2.94, 41.47,  4.5,   3178, 3.16e-02
684, 0.62, 32.16,  1.4,    462, 5.56e-03
685, 0.84,  5.94,  2.1,    628, 2.54e-03
686, 1.99, 24.18,  2.2,   1515, 3.61e-02
687, 0.34, 16.06, 10.0,    138, 8.75e-04
688, 0.19, 67.91,  8.5,    119, 9.92e-04
689, 4.05, 58.87, 10.7,   1550, 9.78e-03
690, 2.20,  8.95,  1.2,   2068, 5.23e-02
691, 3.67, 43.35, 31.5,    232, 2.24e-03
692, 4.00, 63.56,  1.5,   2793, 1.55e-02
693, 0.85, 29.43, 20.0,    113, 2.52e-03
694, 5.54, 37.06,  2.3,   4028, 8.89e-02
695, 2.77, 68.71, 24.9,    481, 8.75e-04
696, 0.30, 25.99, 14.4,    141, 2.76e-03
697, 7.96, 64.84,  6.8,   6752, 1.45e-02
698, 2.46, 43.22, 38.4,   1625, 7.16e-03
699, 1.99, 15.89,  1.5,   1367, 8.03e-03
700, 3.50, 25.34,  6.3,   2598, 4.53e-02
701, 1.65, 18.10, 16.8,    717, 5.69e-03
702, 0.56, 23.40,  1.3,    542, 7.70e-03
703, 4.44, 18.34,  3.8,   2858, 5.17e-03
704, 0.61, 18.58,  5.5,    499, 2.04e-03
705, 0.12,  9.19,  1.3,     93, 1.81e-03
706, 0.20, 62.92, 29.9,     29, 4.17e-04
707, 0.92, 27.39,  3.5,    572, 7.16e-03
708, 5.47, 68.14,  8.8,   2799, 2.42e-02
709, 0.19, 22.91,  3.8,    130, 2.95e-03
710, 1.43, 40.02, 15.2,   1418, 4.40e-03
711, 1.83,  6.05,  1.0,   1325, 9.27e-03
712, 0.52, 37.19, 10.8,    212, 1.87e-03
713, 5.06,  5.27, 31.0,   3098, 3.25e-03
714, 3.64, 52.01,  7.8,   2091, 6.29e-02
715, 0.94, 39.72,  4.0,    910, 1.95e-03
716, 0.68, 54.12,  3.2,    692, 4.84e-03
717, 2.77, 49.74,  2.6,   1763, 7.29e-03
718, 2.37,  7.76,  7.4,   1874, 9.56e-03
719, 6.60, 31.69, 34.0,   7951, 4.53e-02
720, 0.38,  7.36,  2.2,    286, 2.48e-03
721, 1.22, 60.67,  1.3,   1013, 1.73e-02
722, 0.40, 74.21,  2.2,    354, 5.65e-03
723, 1.87, 73.05, 12.2,    619, 5.23e-03
724, 8.31, 46.19,  1.4,   7058, 1.11e-02
725, 2.19, 20.96,  1.7,   1689, 1.65e-02
726, 1.63, 35.68,  1.9,   1070, 4.87e-03
727, 6.83, 15.03,  1.5,   5719, 2.39e-02
728, 3.36, 57.35, 22.1,    442, 2.99e-03
729, 8.86, 52.03, 29.5,   4764, 4.55e-02
730, 0.26, 26.62,  1.3,    221, 9.98e-04
731, 1.00, 62.55, 34.3,    929, 2.66e-02
732, 0.35, 24.25,  5.8,    283, 7.60e-03
733, 5.69, 17.44, 15.5,   3614, 1.75e-02
734, 0.10, 45.94, 11.4,     33, 4.95e-04
735, 4.03, 16.68, 14.8,    957, 3.62e-03
736, 1.62, 24.65,  2.2,   1287, 7.53e-03
737, 5.65, 66.31, 20.6,    761, 5.41e-03
738, 3.56, 45.87, 25.9,   3439, 7.18e-02
739, 1.87, 36.27,  2.5,   1410, 1.11e-02
740, 1.73, 54.63,  5.2,   1297, 1.57e-02
741, 4.54, 27.42,  9.4,   2272, 1.48e-02
742, 0.45, 25.20, 20.1,     60, 5.77e-04
743, 0.16, 62.87, 30.2,     28, 4.84e-04
744, 0.31, 32.17,  9.0,    157, 8.26e-04
745, 0.10, 51.68, 26.0,     15, 2.56e-04
746, 6.89, 68.96, 39.5,    294, 2.90e-03
747, 4.95, 11.36, 13.2,   1388, 1.19e-02
748, 7.74, 40.09,  2.7,   5996, 1.84e-02
749, 1.44, 72.97,  7.1,   1642, 3.41e-02
750, 1.38, 18.40,  1.7,   1214, 1.45e-02
751, 1.01, 24.42,  6.9,    664, 5.46e-03
752, 0.73, 27.47, 19.6,    942, 5.67e-04
753, 4.73, 35.54,  1.4,   3617, 2.17e-02
754, 0.15, 29.63, 15.5,     32, 2.85e-04
755, 6.49, 59.23, 27.0,   4929, 1.47e-02
756, 0.11, 35.71, 39.5,     46, 4.62e-04
757, 1.31, 26.02,  1.3,    999, 6.39e-03
758, 2.18, 39.86, 23.3,    253, 2.65e-03
759, 3.34,  7.84,  1.5,   2997, 7.29e-03
760, 0.13, 38.63,  5.1,    110, 2.62e-03
761, 0.23,  9.26,  3.5,    157, 2.98e-03
762, 0.87, 22.12,  1.9,    644, 1.16e-02
763, 0.18,  6.70, 15.2,     34, 3.59e-04
764, 0.46, 26.79,  5.6,    336, 8.65e-04
765, 0.63, 32.46, 25.2,     74, 7.52e-04
766, 0.60, 63.90,  2.7,    629, 6.63e-03
767, 0.96, 54.71, 33.8,     60, 1.09e-03
768, 1.76, 59.73,  9.9,    849, 7.80e-03
769, 4.19, 57.12, 36.4,    224, 1.26e-03
770, 0.71, 23.79,  4.2,    743, 1.18e-02
771, 0.27, 20.30,  7.1,    153, 4.34e-03
772, 0.37, 39.35,  8.6,    193, 4.51e-03
773, 0.24, 36.61, 10.8,     98, 2.44e-03
774, 0.12, 52.59,  2.6,     92, 6.52e-04
775, 0.27, 31.91, 25.5,    327, 4.70e-04
776, 0.84, 37.03,  2.2,    735, 2.54e-03
777, 0.36, 11.32, 23.4,    439, 2.54e-03
778, 0.61,  7.46,  8.7,    336, 5.32e-04
779, 0.11, 11.89,  2.5,     77, 1.01e-03
780, 0.24, 35.09, 24.8,    231, 7.49e-04
781, 8.13, 32.77, 26.5,    732, 2.66e-03
782, 0.72, 43.81,  5.2,    617, 1.52e-02
783, 2.60, 43.02,  1.9,   1702, 4.05e-02
784, 6.06, 53.20, 15.0,   1525, 1.70e-02
785, 0.17,  7.02,  1.1,    131, 2.49e-03
786, 0.12, 22.43, 10.6,     58, 1.43e-03
787, 0.57, 28.79, 13.1,    166, 2.14e-03
788, 0.76, 32.48,  2.1,    813, 5.95e-03
789, 4.34, 31.10, 14.3,   1098, 2.51e-02
790, 4.28, 33.76,  4.2,   3616, 2.04e-02
791, 5.32, 22.40,  3.6,   3403, 3.03e-02
792, 0.40, 63.68, 18.1,     63, 2.60e-03
793, 2.66, 60.37,  1.9,   1819, 2.73e-02
794, 0.53, 51.91, 10.3,    460, 3.06e-03
795, 0.86,  5.26,  2.7,    854, 1.21e-02
796, 1.29, 53.38, 13.5,   1425, 6.78e-03
797, 6.32, 30.41,  2.4,   8086, 5.59e-02
798, 0.31, 31.83,  2.3,    223, 3.78e-03
799, 1.18, 16.27, 27.5,     87, 7.72e-04
800, 0.39, 21.14, 17.7,     62, 2.24e-03
801, 0.48, 21.22,  3.1,    560, 1.34e-02
802, 5.02, 78.09,  6.0,   3893, 7.27e-02
803, 1.65, 54.00,  3.8,   1046, 2.83e-02
804, 0.52, 81.01, 12.1,    362, 4.13e-03
805, 7.35, 47.52,  4.7,   6377, 6.54e-02
806, 2.62, 45.41, 13.3,    789, 6.20e-03
807, 2.61, 31.70,  1.1,   3002, 2.13e-02
808, 1.41, 19.43,  2.2,   1036, 7.55e-03
809, 0.66, 11.38, 15.9,    153, 5.12e-04
810, 0.45, 14.76,  9.4,    223, 4.89e-03
811, 0.28, 45.74,  8.8,    192, 2.16e-03
812, 0.10, 63.72, 20.4,     17, 3.24e-04
813, 0.20,  7.33,  6.6,    236, 7.66e-04
814, 2.03, 19.63, 13.9,    593, 3.52e-03
815, 0.40, 68.55,  1.2,    303, 8.60e-04
816, 5.31, 18.86,  2.6,   3544, 2.17e-02
817, 0.52, 62.48,  8.3,    290, 8.53e-03
818, 0.20, 70.71, 21.2,     97, 9.94e-04
819, 0.13, 41.45,  2.6,    109, 1.13e-03
820, 2.27, 30.80, 25.9,    231, 7.44e-03
821, 3.13, 28.84,  2.1,   2505, 4.26e-02
822, 0.47, 24.05,  1.6,    420, 1.56e-03
823, 0.10, 19.69,  4.7,     73, 4.70e-04
824, 0.41, 12.92,  6.4,    282, 3.84e-03
825, 1.07, 55.22, 28.6,     72, 2.22e-03
826, 1.22, 24.96,  4.2,    858, 2.76e-03
827, 0.20, 39.57, 11.7,     69, 7.02e-04
828, 0.58, 44.80,  1.3,    575, 1.48e-03
829, 6.70, 51.43,  4.5,   4769, 6.82e-02
830, 0.82, 68.31, 16.6,    844, 1.56e-02
831, 6.78, 59.61,  1.2,   5692, 9.09e-03
832, 0.79, 19.97, 21.7,     91, 3.24e-03
833, 4.49, 29.51,  1.6,   3176, 3.43e-02
834, 0.22, 36.68, 15.1,    148, 3.85e-04
835, 0.31, 31.63,  4.7,    262, 7.79e-03
836, 1.40, 44.68, 20.4,   1272, 9.08e-03
837, 0.23, 66.93, 14.3,     64, 2.02e-03
838, 1.32, 59.18,  3.1,    880, 8.27e-03
839, 2.19, 41.83,  7.4,   1454, 1.17e-02
840, 3.14, 27.83,  1.1,   3407, 3.17e-03
841, 0.44, 20.36, 33.2,     28, 5.32e-04
842, 0.58, 43.32,  5.3,    455, 2.24e-03
843, 1.45, 29.51,  5.3,   1107, 1.12e-02
844, 4.31, 31.48, 24.4,   2227, 1.35e-02
845, 0.14, 16.51,  7.4,    183, 2.27e-03
846, 4.37, 44.03,  3.6,   2708, 2.25e-02
847, 0.21,  7.11, 19.6,     29, 6.66e-04
848, 1.70, 43.60, 33.9,    103, 2.10e-03
849, 0.27, 35.59,  2.8,    323, 8.92e-03
850, 4.03, 51.18,  6.2,   2896, 1.00e-02
851, 3.30, 11.93, 37.7,    135, 7.50e-04
852, 0.88, 17.34,  5.3,    706, 3.39e-03
853, 3.70, 32.70,  1.6,   2956, 1.44e-02
854, 0.92, 61.62, 12.4,    287, 5.04e-03
855, 0.25, 54.19,  1.2,    164, 1.66e-03
856, 0.27, 37.96,  2.4,    200, 1.65e-03
857, 0.13, 17.89,  1.8,    181, 5.72e-04
858, 2.39, 57.79,  1.5,   2229, 5.41e-03
859, 6.48, 42.98, 30.2,    464, 1.50e-03
860, 0.78, 38.30, 35.8,    110, 5.28e-04
861, 7.44, 29.60,  3.5,   7478, 3.51e-02
862, 0.32, 26.81, 11.5,    109, 1.80e-03
863, 6.38, 22.04, 35.8,    325, 6.72e-03
864, 1.73, 49.02,  7.0,   1240, 6.73e-03
865, 1.80, 29.31,  5.0,   1460, 1.46e-02
866, 7.23, 69.37, 23.6,    850, 2.33e-02
867, 0.73, 43.69,  2.7,    446, 3.67e-03
868, 1.54, 22.97, 15.7,    358, 5.22e-03
869, 2.32, 31.75, 15.9,    466, 1.59e-02
870, 1.46, 10.23, 13.6,   1388, 9.78e-04
871, 1.11, 16.16, 24.8,    209, 3.99e-03
872, 0.89, 19.57, 13.9,    350, 1.43e-03
873, 0.14,  6.12,  2.2,    207, 5.82e-04
874, 0.29, 43.53,  4.7,    256, 5.39e-03
875, 8.38, 39.11,  6.9,   5786, 9.83e-02
876, 1.20, 54.44, 29.4,     81, 2.84e-03
877, 1.08, 66.54,  2.2,   1298, 5.85e-03
878, 1.03, 50.50, 27.4,     88, 1.11e-03
879, 0.41, 36.28, 35.5,     91, 3.69e-03
880, 0.23, 54.11,  1.1,    217, 1.08e-03
881, 9.95, 35.19,  2.0,   6625, 1.40e-01
882, 4.30, 57.64,  6.5,   3591, 7.68e-03
883, 3.48, 60.75, 25.1,    868, 7.99e-03
884, 1.47, 37.46,  2.1,   1264, 5.36e-03
885, 0.14, 34.91,  4.2,    137, 1.86e-03
886, 0.28, 68.33, 25.7,     20, 3.31e-04
887, 0.10, 35.60,  9.4,     61, 1.26e-03
888, 6.69, 42.66, 37.1,    321, 4.36e-03
889, 4.73, 68.94, 20.8,    677, 6.81e-03
890, 0.44, 52.96,  5.0,    362, 6.17e-04
891, 0.16, 42.92,  1.4,    119, 1.27e-03
892, 1.35, 20.75,  1.4,    928, 1.23e-02
893, 2.72, 20.03, 12.9,    783, 1.92e-02
894, 1.44, 68.94,  6.3,   1000, 1.07e-03
895, 0.46, 25.74,  3.4,    316, 1.36e-03
896, 8.49,  5.61,  1.3,   6342, 2.42e-02
897, 0.49,  8.09,  1.9,    343, 9.30e-03
898, 7.96, 28.09,  2.6,   5365, 9.54e-02
899, 0.17, 45.63,  2.0,    105, 2.44e-03
900, 2.01,  7.13,  7.3,   1387, 2.50e-02
901, 0.56, 49.64, 29.3,     42, 5.93e-04
902, 0.37, 13.56, 11.7,    142, 7.00e-04
903, 2.48, 35.04, 14.9,    587, 8.82e-03
904, 0.30, 21.53,  1.2,    196, 1.61e-03
905, 0.36, 32.16,  3.4,    222, 1.83e-03
906, 0.15, 31.33, 11.6,     68, 8.70e-04
907, 0.95, 54.50,  2.5,    628, 3.34e-03
908, 2.08, 41.92, 17.0,    486, 2.27e-03
909, 2.42, 53.71,  1.2,   1633, 1.76e-02
910, 3.01, 58.71,  2.7,   3458, 1.53e-03
911, 2.81, 18.62, 15.7,    620, 7.44e-03
912, 0.44, 43.99,  4.2,    399, 4.51e-03
913, 0.10,  7.21, 17.5,     24, 5.33e-04
914, 1.06, 43.10, 13.0,    292, 1.13e-02
915, 2.15,  6.76, 33.5,   1757, 2.91e-02
916, 0.80, 36.06, 35.8,     34, 5.75e-04
917, 1.21, 10.63,  1.9,    793, 2.44e-02
918, 0.69, 45.05,  1.5,    474, 9.17e-04
919, 0.87, 59.10, 27.5,    472, 2.15e-03
920, 5.68, 44.64,  8.8,   2984, 4.79e-02
921, 0.71, 28.13, 13.6,    652, 4.72e-03
922, 0.13,  7.69,  2.5,     80, 2.05e-03
923, 0.11, 17.41,  5.1,     78, 1.02e-03
924, 0.16, 27.48,  3.4,     93, 1.10e-03
925, 2.83, 10.01,  1.4,   3255, 7.97e-02
926, 1.96, 35.65,  9.6,    921, 2.00e-02
927, 2.10, 15.83, 20.1,    300, 7.73e-03
928, 0.15,  8.85,  3.5,    158, 7.40e-04
929, 1.60, 25.14,  2.2,   1541, 6.41e-03
930, 0.41, 35.94, 24.5,    302, 3.02e-03
931, 0.11, 22.05,  8.8,     63, 7.67e-04
932, 0.13, 26.32,  1.5,    143, 1.07e-03
933, 1.55, 39.84, 29.3,    677, 3.48e-03
934, 1.93, 45.73,  5.1,   1512, 9.63e-03
935, 1.49,  5.49,  3.6,   1040, 5.68e-03
936, 2.64, 23.48, 20.8,    469, 7.97e-03
937, 2.29, 27.15,  4.2,   2142, 1.33e-02
938, 1.52, 42.44, 23.4,    175, 5.09e-03
939, 0.11, 13.74, 16.8,     18, 5.64e-04
940, 5.77, 23.49,  1.1,   7140, 1.19e-02
941, 2.68, 18.86,  5.1,   2073, 9.33e-03
942, 1.50, 32.44,  2.3,   1240, 1.86e-02
943, 3.37, 62.53,  2.2,   3303, 1.24e-02
944, 0.13, 30.91, 33.5,    145, 1.75e-03
945, 3.59, 25.95,  1.0,   4393, 1.19e-02
946, 0.22, 37.56,  2.7,    130, 3.31e-03
947, 4.39, 18.56,  1.9,   2875, 1.79e-02
948, 0.14, 47.74,  2.5,     94, 2.20e-03
949, 0.11, 36.74,  7.8,     62, 1.37e-03
950, 5.83, 34.27,  2.7,   4849, 2.46e-02
951, 0.60, 53.00,  6.4,    434, 2.79e-03
952, 8.31, 26.51,  2.3,   6114, 1.07e-01
953, 1.98, 55.71, 24.6,    198, 2.48e-03
954, 6.25, 13.30, 12.3,   1930, 1.54e-02
955, 4.74, 76.23,  6.6,   3391, 5.18e-02
956, 7.59, 30.90, 14.4,   9691, 1.58e-01
957, 2.15, 40.06,  6.2,   1567, 8.73e-03
958, 0.96, 16.51,  4.7,    685, 6.07e-03
959, 2.37, 44.98,  7.5,   1536, 1.35e-02
960, 1.50, 42.69, 31.2,     75, 9.92e-04
961, 2.92, 48.39,  9.4,   3043, 2.07e-02
962, 4.74,  8.23,  2.5,   3393, 3.19e-02
963, 0.66, 34.72,  1.1,    779, 1.11e-02
964, 1.15, 21.14,  1.7,    787, 1.28e-02
965, 0.92, 37.63,  1.1,    744, 2.95e-03
966, 0.12, 64.06,  1.4,    133, 2.56e-03
967, 0.52, 26.00,  5.7,    419, 2.98e-03
968, 0.92, 22.13,  6.8,    691, 1.14e-02
969, 4.61, 21.79,  7.0,   3209, 1.82e-02
970, 0.76, 15.94,  2.0,    544, 3.78e-03
971, 3.02, 17.70,  1.7,   2733, 1.47e-02
972, 8.23, 52.79,  8.8,   4418, 4.01e-02
973, 5.26,  7.22,  7.2,   3321, 4.98e-03
974, 5.85, 25.98,  1.4,   4183, 4.98e-02
975, 0.37, 81.48, 10.9,    188, 3.62e-04
976, 0.28, 31.61, 20.4,     32, 4.17e-04
977, 0.43, 50.36,  4.5,    450, 5.51e-03
978, 0.22, 39.02, 36.0,      9, 2.24e-04
979, 5.17, 43.19,  2.3,   3988, 3.54e-02
980, 3.77, 30.01,  1.2,   3978, 1.21e-02
981, 2.23, 37.90,  2.3,   1633, 3.54e-02
982, 0.66, 33.93,  4.2,    639, 2.31e-03
983, 0.82, 15.35,  1.2,    581, 3.70e-03
984, 0.12, 68.04, 38.6,     11, 9.17e-05
985, 0.64, 25.29,  1.3,    646, 3.14e-03
986, 3.04,  9.09, 26.8,   3959, 2.39e-02
987, 3.89, 24.58,  3.9,   2644, 1.58e-02
988, 0.49, 44.76,  1.4,    405, 2.27e-03
989, 6.29, 46.03, 26.3,   3002, 7.79e-03
990, 0.11, 39.53,  4.5,     79, 1.20e-03
991, 5.06, 31.34, 24.0,    665, 1.10e-02
992, 1.02, 42.28,  2.6,    664, 1.27e-02
993, 2.40, 49.96,  5.8,   1884, 5.99e-03
994, 1.62, 57.78,  3.8,   1063, 1.04e-02
995, 7.45, 59.37,  8.4,   8511, 3.47e-02
996, 0.13, 25.25,  6.1,     82, 4.31e-04
997, 9.28, 32.52,  8.9,   5032, 1.38e-02
998, 0.16,  7.38, 32.2,      6, 2.92e-04
999, 0.14, 43.19,  5.7,    111, 4.68e-03
